subset,n_utterances,overall_wer,overall_per,hallucination_rate,wer_no_halluc,per_no_halluc
singing,3646,1.2025099943821724,1.036287068675985,0.3614920460778936,0.8582259368856979,0.7829758969903202
speech,1563,1.2143388287816426,1.0575038385254338,0.36980166346769033,0.8618845143178785,0.7917990272800209
